"Type","Issue","Name","File","Details"
"Product","TBD Specs","8 Lane Reindeer Racing","products/8-lane-reindeer-racing.md","Players; Setup time"
"Product","TBD Specs","8 Lane Roll & Bowl Donkey Derby","products/8-lane-roll-and-bowl-donkey-derby.md","Players; Setup time"
"Product","TBD Specs","Air Hockey Table Hire","products/air-hockey-table-hire.md","Players; Setup time"
"Product","TBD Specs","Ballnado Grabber","products/ballnado-grabber.md","Setup time"
"Product","TBD Specs","Batak Lite","products/batak-lite.md","Players; Setup time"
"Product","TBD Specs","Batak Pro","products/batak-pro.md","Players; Setup time"
"Product","TBD Specs","BBQ","products/bbq.md","Players; Space Required; Power; Setup time; Equipment Size; Suitability; Access"
"Product","TBD Specs","Beat The Buzzer","products/beat-the-buzzer.md","Players; Setup time"
"Product","TBD Specs","Bespoke Photo Booth Hire","products/bespoke-photo-booth-hire.md","Players; Setup time"
"Product","TBD Specs","Branded Capsule Bin","products/branded-capsule-bin.md","Players; Space Required; Power; Setup time; Equipment Size; Suitability; Access"
"Product","TBD Specs","Bungee Run","products/bungee-run.md","Players; Setup time"
"Product","TBD Specs","Candy Cane Megawire","products/candy-cane-megawire.md","Setup time"
"Product","TBD Specs","Candy Cane Snatch it","products/candy-cane-snatch-it.md","Setup time; Equipment Size"
"Product","TBD Specs","Candy Floss Cart Hire","products/candy-floss-cart-hire.md","Players; Space Required; Power; Setup time; Equipment Size; Suitability; Access"
"Product","TBD Specs","CASH GRABBER MACHINE HIRE","products/cash-grabber-machine-hire.md","Players; Setup time"
"Product","TBD Specs","CASINO TABLE HIRE","products/casino-table-hire.md","Players; Space Required; Power; Setup time; Equipment Size; Suitability; Access"
"Product","TBD Specs","Catch it Reaction Ring Hire","products/catch-it-reaction-ring-hire.md","Players; Setup time"
"Product","TBD Specs","Christmas Batak Lite","products/christmas-batak-lite.md","Players; Setup time; Equipment Size"
"Product","TBD Specs","Christmas Batak Pro","products/christmas-batak-pro.md","Players; Setup time"
"Product","TBD Specs","Christmas Corn Holes","products/christmas-corn-holes.md","Players; Space Required; Power; Setup time; Equipment Size; Suitability; Access"
"Product","TBD Specs","CHRISTMAS GROTTO 1","products/christmas-grotto-1.md","Players; Setup time; Equipment Size"
"Product","TBD Specs","CHRISTMAS GROTTO 2","products/christmas-grotto-2.md","Players; Setup time; Equipment Size"
"Product","TBD Specs","CHRISTMAS PHOTO BOOTHS","products/christmas-photo-booths.md","Players; Setup time"
"Product","TBD Specs","Christmas Prize Crane","products/christmas-prize-crane.md","Players; Setup time"
"Product","TBD Specs","Christmas Roller Bowler","products/christmas-roller-bowler.md","Players; Setup time; Equipment Size"
"Product","TBD Specs","CLASSIC PHOTO BOOTHS","products/classic-photo-booths.md","Players; Setup time"
"Product","TBD Specs","Climbing Wall","products/climbing-wall.md","Space Required; Power; Setup time; Equipment Size; Suitability; Access"
"Product","TBD Specs","Coconut Shy Stall Hire","products/coconut-shy-stall-hire.md","Players; Space Required; Power; Setup time; Equipment Size; Suitability; Access"
"Product","TBD Specs","Corn Hole","products/corn-hole.md","Power; Setup time; Equipment Size; Suitability; Access"
"Product","TBD Specs","Crack The Code safe cracker","products/crack-the-code-safe-cracker.md","Players; Setup time"
"Product","TBD Specs","Crazy Golf","products/crazy-golf.md","Players; Space Required; Setup time"
"Product","TBD Specs","Dance Machine","products/dance-machine.md","Players; Setup time"
"Product","TBD Specs","Danger-zone-strike-a-light-game-hire","products/danger-zone-strike-a-light-game-hire.md","Setup time"
"Product","TBD Specs","Dash & Grab / Hungry Hippo Inflatable Game","products/dash-and-grab-hungry-hippo-inflatable-game.md","Setup time"
"Product","TBD Specs","ELECTRONIC BASKET BALL HIRE","products/electronic-basket-ball-hire.md","Setup time"
"Product","TBD Specs","Electronic Dart Board","products/electronic-dart-board.md","Setup time"
"Product","TBD Specs","Football Darts","products/football-darts.md","Players; Setup time"
"Product","TBD Specs","FOOTBALL TABLES","products/football-tables.md","Setup time"
"Product","TBD Specs","GIANT BUZZ WIRE","products/giant-buzz-wire.md","Players; Setup time"
"Product","TBD Specs","Giant Connect 4 Game Hire","products/giant-connect-4-game-hire.md","Players; Space Required; Power; Setup time; Equipment Size; Suitability; Access"
"Product","TBD Specs","Giant Deck Chair Hire","products/giant-deck-chair-hire.md","Players; Setup time"
"Product","TBD Specs","Giant Jenga Hire","products/giant-jenga-hire.md","Players; Space Required; Power; Setup time; Equipment Size; Suitability; Access"
"Product","TBD Specs","GLADIATOR DUEL","products/gladiator-duel.md","Players; Setup time"
"Product","TBD Specs","Gold Bar Challenge","products/gold-bar-challenge.md","Players; Setup time"
"Product","TBD Specs","GOLD CUP HORSE RACING","products/gold-cup-horse-racing.md","Setup time"
"Product","TBD Specs","GREEN SCREEN PHOTO BOOTHS","products/green-screen-photo-booths.md","Players; Setup time"
"Product","TBD Specs","High Striker","products/high-striker.md","Players; Setup time"
"Product","TBD Specs","Hook A Duck","products/hook-a-duck.md","Players; Space Required; Power; Setup time; Equipment Size; Suitability; Access"
"Product","TBD Specs","HUMAN TABLE FOOTBALL","products/human-table-football.md","Setup time"
"Product","TBD Specs","Ice Cream van Hire","products/ice-cream-van-hire.md","Players; Space Required; Power; Setup time; Equipment Size; Suitability; Access"
"Product","TBD Specs","INFLATABLE ASSAULT COURSES","products/inflatable-assault-courses.md","Setup time"
"Product","TBD Specs","LARGE BOUNCY CASTLES","products/large-bouncy-castles.md","Players; Space Required; Power; Setup time; Equipment Size; Suitability; Access"
"Product","TBD Specs","LEADER BOARD","products/leader-board.md","Players; Setup time"
"Product","TBD Specs","MAGIC MIRROR","products/magic-mirror.md","Players; Setup time"
"Product","TBD Specs","Master Sniper","products/master-sniper.md","Setup time; Equipment Size"
"Product","TBD Specs","Mega Wire - Branded Game Hire (stand alone)","products/mega-wire-branded-game-hire-stand-alone.md","Players; Setup time"
"Product","TBD Specs","PAELLA","products/paella.md","Players; Space Required; Power; Setup time; Equipment Size; Suitability; Access"
"Product","TBD Specs","Pig Roast","products/pig-roast.md","Players; Space Required; Power; Setup time; Equipment Size; Suitability; Access"
"Product","TBD Specs","Pix N Mix Hire","products/pix-n-mix-hire.md","Players; Setup time"
"Product","TBD Specs","Pizza","products/pizza.md","Players; Space Required; Power; Setup time; Equipment Size; Suitability; Access"
"Product","TBD Specs","Play Your Cards Right Stall Hire","products/play-your-cards-right-stall-hire.md","Players; Space Required; Power; Setup time; Equipment Size; Suitability; Access"
"Product","TBD Specs","Plinko Game Hire","products/plinko-game-hire.md","Players; Setup time"
"Product","TBD Specs","PLUCK A DUCK RACING","products/pluck-a-duck-racing.md","Players; Setup time"
"Product","TBD Specs","Popcorn Machine Cart Hire","products/popcorn-machine-cart-hire.md","Players; Space Required; Power; Setup time; Equipment Size; Suitability; Access"
"Product","TBD Specs","Prize Crane Arcade Grabber","products/prize-crane-arcade-grabber.md","Players; Setup time"
"Product","TBD Specs","Prize Wheel","products/prize-wheel.md","Players; Setup time"
"Product","TBD Specs","Racing Car Simulators","products/racing-car-simulators.md","Players; Setup time"
"Product","TBD Specs","RED CARPET & 4 GOLD STANCHIONS","products/red-carpet-and-4-gold-stanchions.md","Players; Space Required; Power; Setup time; Equipment Size; Suitability; Access"
"Product","TBD Specs","Reindeer Nosenado (Christmas Ballnado Hire )","products/reindeer-nosenado-christmas-ballnado-hire.md","Players; Power; Setup time; Equipment Size"
"Product","TBD Specs","RETRO ARCADE GAMES","products/retro-arcade-games.md","Setup time"
"Product","TBD Specs","Rodeo Bull","products/rodeo-bull.md","Players; Setup time"
"Product","TBD Specs","Roll & Bowl Donkey Derby","products/roll-and-bowl-donkey-derby.md","Players; Setup time"
"Product","TBD Specs","Roll And Bowl Game Hire","products/roll-and-bowl-game-hire.md","Setup time"
"Product","TBD Specs","Roll And Bowl Reindeer Racing Game Hire","products/roll-and-bowl-reindeer-racing-game-hire.md","Setup time; Equipment Size"
"Product","TBD Specs","Roller Bowler","products/roller-bowler.md","Players; Setup time; Equipment Size"
"Product","TBD Specs","Scalextric Slot Car Racing","products/scalextric-slot-car-racing.md","Players; Setup time"
"Product","TBD Specs","Shuffleboard Hire","products/shuffleboard-hire.md","Setup time"
"Product","TBD Specs","Snatch It","products/snatch-it.md","Setup time"
"Product","TBD Specs","Strike A Snow Flake","products/strike-a-snow-flake.md","Setup time; Equipment Size"
"Product","TBD Specs","SUPER SLIDES","products/super-slides.md","Players; Setup time"
"Product","TBD Specs","Table Tennis Hire","products/table-tennis-hire.md","Players; Setup time"
"Product","TBD Specs","Target Ring Toss Hire","products/target-ring-toss-hire.md","Players; Space Required; Power; Setup time; Equipment Size; Suitability; Access"
"Product","TBD Specs","The Vault","products/the-vault.md","Setup time"
"Product","TBD Specs","TOP DOC OPERATION GAME","products/top-doc-operation-game.md","Players; Setup time"
"Product","TBD Specs","TOTAL WIPE OUT","products/total-wipe-out.md","Players; Setup time"
"Product","TBD Specs","Twin Axe throwing","products/twin-axe-throwing.md","Players"
"Product","TBD Specs","Virtual Pinball","products/virtual-pinball.md","Players; Setup time"
"Product","TBD Specs","VR Race Car Simulator","products/vr-race-car-simulator.md","Players; Setup time"
"Product","TBD Specs","Whack A Mole game hire","products/whack-a-mole-game-hire.md","Players; Setup time"
"Product","TBD Specs","Whack an Elf","products/whack-an-elf.md","Players; Setup time; Equipment Size"
"Product","TBD Filter Attributes","8 Lane Reindeer Racing","products/8-lane-reindeer-racing.md","Guest Capacity; Game Length; Power Required"
"Product","TBD Filter Attributes","8 Lane Roll & Bowl Donkey Derby","products/8-lane-roll-and-bowl-donkey-derby.md","Guest Capacity; Game Length; Power Required"
"Product","TBD Filter Attributes","Air Hockey Table Hire","products/air-hockey-table-hire.md","Guest Capacity; Game Length; Power Required"
"Product","TBD Filter Attributes","Ballnado Grabber","products/ballnado-grabber.md","Guest Capacity; Game Length; Power Required"
"Product","TBD Filter Attributes","Batak Lite","products/batak-lite.md","Guest Capacity; Game Length; Power Required"
"Product","TBD Filter Attributes","Batak Pro","products/batak-pro.md","Guest Capacity; Game Length; Power Required"
"Product","TBD Filter Attributes","BBQ","products/bbq.md","Guest Capacity; Game Length; Power Required"
"Product","TBD Filter Attributes","Beat The Buzzer","products/beat-the-buzzer.md","Guest Capacity; Game Length; Power Required"
"Product","TBD Filter Attributes","Bespoke Photo Booth Hire","products/bespoke-photo-booth-hire.md","Guest Capacity; Game Length; Power Required"
"Product","TBD Filter Attributes","Branded Capsule Bin","products/branded-capsule-bin.md","Guest Capacity; Game Length; Power Required"
"Product","TBD Filter Attributes","Bungee Run","products/bungee-run.md","Guest Capacity; Game Length; Power Required"
"Product","TBD Filter Attributes","Candy Cane Megawire","products/candy-cane-megawire.md","Guest Capacity; Game Length; Power Required"
"Product","TBD Filter Attributes","Candy Cane Snatch it","products/candy-cane-snatch-it.md","Guest Capacity; Game Length; Power Required"
"Product","TBD Filter Attributes","Candy Floss Cart Hire","products/candy-floss-cart-hire.md","Guest Capacity; Game Length; Power Required"
"Product","TBD Filter Attributes","CASH GRABBER MACHINE HIRE","products/cash-grabber-machine-hire.md","Guest Capacity; Game Length; Power Required"
"Product","TBD Filter Attributes","CASINO TABLE HIRE","products/casino-table-hire.md","Guest Capacity; Game Length; Power Required"
"Product","TBD Filter Attributes","Catch it Reaction Ring Hire","products/catch-it-reaction-ring-hire.md","Guest Capacity; Game Length; Power Required"
"Product","TBD Filter Attributes","Christmas Batak Lite","products/christmas-batak-lite.md","Guest Capacity; Game Length; Power Required"
"Product","TBD Filter Attributes","Christmas Batak Pro","products/christmas-batak-pro.md","Guest Capacity; Game Length; Power Required"
"Product","TBD Filter Attributes","Christmas Corn Holes","products/christmas-corn-holes.md","Guest Capacity; Game Length; Power Required"
"Product","TBD Filter Attributes","CHRISTMAS GROTTO 1","products/christmas-grotto-1.md","Guest Capacity; Game Length; Power Required"
"Product","TBD Filter Attributes","CHRISTMAS GROTTO 2","products/christmas-grotto-2.md","Guest Capacity; Game Length; Power Required"
"Product","TBD Filter Attributes","CHRISTMAS PHOTO BOOTHS","products/christmas-photo-booths.md","Guest Capacity; Game Length; Power Required"
"Product","TBD Filter Attributes","Christmas Prize Crane","products/christmas-prize-crane.md","Guest Capacity; Game Length; Power Required"
"Product","TBD Filter Attributes","Christmas Roller Bowler","products/christmas-roller-bowler.md","Guest Capacity; Game Length; Power Required"
"Product","TBD Filter Attributes","CLASSIC PHOTO BOOTHS","products/classic-photo-booths.md","Guest Capacity; Game Length; Power Required"
"Product","TBD Filter Attributes","Climbing Wall","products/climbing-wall.md","Guest Capacity; Game Length; Power Required"
"Product","TBD Filter Attributes","Coconut Shy Stall Hire","products/coconut-shy-stall-hire.md","Guest Capacity; Game Length; Power Required"
"Product","TBD Filter Attributes","Corn Hole","products/corn-hole.md","Guest Capacity; Game Length; Power Required"
"Product","TBD Filter Attributes","Crack The Code safe cracker","products/crack-the-code-safe-cracker.md","Guest Capacity; Game Length; Power Required"
"Product","TBD Filter Attributes","Crazy Golf","products/crazy-golf.md","Guest Capacity; Game Length; Power Required"
"Product","TBD Filter Attributes","Dance Machine","products/dance-machine.md","Guest Capacity; Game Length; Power Required"
"Product","TBD Filter Attributes","Danger-zone-strike-a-light-game-hire","products/danger-zone-strike-a-light-game-hire.md","Guest Capacity; Game Length; Power Required"
"Product","TBD Filter Attributes","Dash & Grab / Hungry Hippo Inflatable Game","products/dash-and-grab-hungry-hippo-inflatable-game.md","Guest Capacity; Game Length; Power Required"
"Product","TBD Filter Attributes","ELECTRONIC BASKET BALL HIRE","products/electronic-basket-ball-hire.md","Guest Capacity; Game Length; Power Required"
"Product","TBD Filter Attributes","Electronic Dart Board","products/electronic-dart-board.md","Guest Capacity; Game Length; Power Required"
"Product","TBD Filter Attributes","Football Darts","products/football-darts.md","Guest Capacity; Game Length; Power Required"
"Product","TBD Filter Attributes","FOOTBALL TABLES","products/football-tables.md","Guest Capacity; Game Length; Power Required"
"Product","TBD Filter Attributes","GIANT BUZZ WIRE","products/giant-buzz-wire.md","Guest Capacity; Game Length; Power Required"
"Product","TBD Filter Attributes","Giant Connect 4 Game Hire","products/giant-connect-4-game-hire.md","Guest Capacity; Game Length; Power Required"
"Product","TBD Filter Attributes","Giant Deck Chair Hire","products/giant-deck-chair-hire.md","Guest Capacity; Game Length; Power Required"
"Product","TBD Filter Attributes","Giant Jenga Hire","products/giant-jenga-hire.md","Guest Capacity; Game Length; Power Required"
"Product","TBD Filter Attributes","GLADIATOR DUEL","products/gladiator-duel.md","Guest Capacity; Game Length; Power Required"
"Product","TBD Filter Attributes","Gold Bar Challenge","products/gold-bar-challenge.md","Guest Capacity; Game Length; Power Required"
"Product","TBD Filter Attributes","GOLD CUP HORSE RACING","products/gold-cup-horse-racing.md","Guest Capacity; Game Length; Power Required"
"Product","TBD Filter Attributes","GREEN SCREEN PHOTO BOOTHS","products/green-screen-photo-booths.md","Guest Capacity; Game Length; Power Required"
"Product","TBD Filter Attributes","High Striker","products/high-striker.md","Guest Capacity; Game Length; Power Required"
"Product","TBD Filter Attributes","Hook A Duck","products/hook-a-duck.md","Guest Capacity; Game Length; Power Required"
"Product","TBD Filter Attributes","HUMAN TABLE FOOTBALL","products/human-table-football.md","Guest Capacity; Game Length; Power Required"
"Product","TBD Filter Attributes","Ice Cream van Hire","products/ice-cream-van-hire.md","Guest Capacity; Game Length; Power Required"
"Product","TBD Filter Attributes","INFLATABLE ASSAULT COURSES","products/inflatable-assault-courses.md","Guest Capacity; Game Length; Power Required"
"Product","TBD Filter Attributes","LARGE BOUNCY CASTLES","products/large-bouncy-castles.md","Guest Capacity; Game Length; Power Required"
"Product","TBD Filter Attributes","LEADER BOARD","products/leader-board.md","Guest Capacity; Game Length; Power Required"
"Product","TBD Filter Attributes","MAGIC MIRROR","products/magic-mirror.md","Guest Capacity; Game Length; Power Required"
"Product","TBD Filter Attributes","Master Sniper","products/master-sniper.md","Guest Capacity; Game Length; Power Required"
"Product","TBD Filter Attributes","Mega Wire - Branded Game Hire (stand alone)","products/mega-wire-branded-game-hire-stand-alone.md","Guest Capacity; Game Length; Power Required"
"Product","TBD Filter Attributes","PAELLA","products/paella.md","Guest Capacity; Game Length; Power Required"
"Product","TBD Filter Attributes","Pig Roast","products/pig-roast.md","Guest Capacity; Game Length; Power Required"
"Product","TBD Filter Attributes","Pix N Mix Hire","products/pix-n-mix-hire.md","Guest Capacity; Game Length; Power Required"
"Product","TBD Filter Attributes","Pizza","products/pizza.md","Guest Capacity; Game Length; Power Required"
"Product","TBD Filter Attributes","Play Your Cards Right Stall Hire","products/play-your-cards-right-stall-hire.md","Guest Capacity; Game Length; Power Required"
"Product","TBD Filter Attributes","Plinko Game Hire","products/plinko-game-hire.md","Guest Capacity; Game Length; Power Required"
"Product","TBD Filter Attributes","PLUCK A DUCK RACING","products/pluck-a-duck-racing.md","Guest Capacity; Game Length; Power Required"
"Product","TBD Filter Attributes","Popcorn Machine Cart Hire","products/popcorn-machine-cart-hire.md","Guest Capacity; Game Length; Power Required"
"Product","TBD Filter Attributes","Prize Crane Arcade Grabber","products/prize-crane-arcade-grabber.md","Guest Capacity; Game Length; Power Required"
"Product","TBD Filter Attributes","Prize Wheel","products/prize-wheel.md","Guest Capacity; Game Length; Power Required"
"Product","TBD Filter Attributes","Racing Car Simulators","products/racing-car-simulators.md","Guest Capacity; Game Length; Power Required"
"Product","TBD Filter Attributes","RED CARPET & 4 GOLD STANCHIONS","products/red-carpet-and-4-gold-stanchions.md","Guest Capacity; Game Length; Power Required"
"Product","TBD Filter Attributes","Reindeer Nosenado (Christmas Ballnado Hire )","products/reindeer-nosenado-christmas-ballnado-hire.md","Guest Capacity; Game Length; Power Required"
"Product","TBD Filter Attributes","RETRO ARCADE GAMES","products/retro-arcade-games.md","Guest Capacity; Game Length; Power Required"
"Product","TBD Filter Attributes","Rodeo Bull","products/rodeo-bull.md","Guest Capacity; Game Length; Power Required"
"Product","TBD Filter Attributes","Roll & Bowl Donkey Derby","products/roll-and-bowl-donkey-derby.md","Guest Capacity; Game Length; Power Required"
"Product","TBD Filter Attributes","Roll And Bowl Game Hire","products/roll-and-bowl-game-hire.md","Guest Capacity; Game Length; Power Required"
"Product","TBD Filter Attributes","Roll And Bowl Reindeer Racing Game Hire","products/roll-and-bowl-reindeer-racing-game-hire.md","Guest Capacity; Game Length; Power Required"
"Product","TBD Filter Attributes","Roller Bowler","products/roller-bowler.md","Guest Capacity; Game Length; Power Required"
"Product","TBD Filter Attributes","Scalextric Slot Car Racing","products/scalextric-slot-car-racing.md","Guest Capacity; Game Length; Power Required"
"Product","TBD Filter Attributes","Shuffleboard Hire","products/shuffleboard-hire.md","Guest Capacity; Game Length; Power Required"
"Product","TBD Filter Attributes","Snatch It","products/snatch-it.md","Guest Capacity; Game Length; Power Required"
"Product","TBD Filter Attributes","Strike A Snow Flake","products/strike-a-snow-flake.md","Guest Capacity; Game Length; Power Required"
"Product","TBD Filter Attributes","SUPER SLIDES","products/super-slides.md","Guest Capacity; Game Length; Power Required"
"Product","TBD Filter Attributes","Table Tennis Hire","products/table-tennis-hire.md","Guest Capacity; Game Length; Power Required"
"Product","TBD Filter Attributes","Target Ring Toss Hire","products/target-ring-toss-hire.md","Guest Capacity; Game Length; Power Required"
"Product","TBD Filter Attributes","The Vault","products/the-vault.md","Guest Capacity; Game Length; Power Required"
"Product","TBD Filter Attributes","TOP DOC OPERATION GAME","products/top-doc-operation-game.md","Guest Capacity; Game Length; Power Required"
"Product","TBD Filter Attributes","TOTAL WIPE OUT","products/total-wipe-out.md","Guest Capacity; Game Length; Power Required"
"Product","TBD Filter Attributes","Twin Axe throwing","products/twin-axe-throwing.md","Guest Capacity; Game Length; Power Required"
"Product","TBD Filter Attributes","Virtual Pinball","products/virtual-pinball.md","Guest Capacity; Game Length; Power Required"
"Product","TBD Filter Attributes","VR Race Car Simulator","products/vr-race-car-simulator.md","Guest Capacity; Game Length; Power Required"
"Product","TBD Filter Attributes","Whack A Mole game hire","products/whack-a-mole-game-hire.md","Guest Capacity; Game Length; Power Required"
"Product","TBD Filter Attributes","Whack an Elf","products/whack-an-elf.md","Guest Capacity; Game Length; Power Required"
"Product","Missing FAQs","8 Lane Reindeer Racing","products/8-lane-reindeer-racing.md",""
"Product","Missing FAQs","8 Lane Roll & Bowl Donkey Derby","products/8-lane-roll-and-bowl-donkey-derby.md",""
"Product","Missing FAQs","BBQ","products/bbq.md",""
"Product","Missing FAQs","Beat The Buzzer","products/beat-the-buzzer.md",""
"Product","Missing FAQs","Bespoke Photo Booth Hire","products/bespoke-photo-booth-hire.md",""
"Product","Missing FAQs","Branded Capsule Bin","products/branded-capsule-bin.md",""
"Product","Missing FAQs","Bungee Run","products/bungee-run.md",""
"Product","Missing FAQs","CASH GRABBER MACHINE HIRE","products/cash-grabber-machine-hire.md",""
"Product","Missing FAQs","CASINO TABLE HIRE","products/casino-table-hire.md",""
"Product","Missing FAQs","Christmas Corn Holes","products/christmas-corn-holes.md",""
"Product","Missing FAQs","CHRISTMAS GROTTO 1","products/christmas-grotto-1.md",""
"Product","Missing FAQs","CHRISTMAS GROTTO 2","products/christmas-grotto-2.md",""
"Product","Missing FAQs","Christmas Prize Crane","products/christmas-prize-crane.md",""
"Product","Missing FAQs","Christmas Roller Bowler","products/christmas-roller-bowler.md",""
"Product","Missing FAQs","CLASSIC PHOTO BOOTHS","products/classic-photo-booths.md",""
"Product","Missing FAQs","Climbing Wall","products/climbing-wall.md",""
"Product","Missing FAQs","Corn Hole","products/corn-hole.md",""
"Product","Missing FAQs","Crack The Code safe cracker","products/crack-the-code-safe-cracker.md",""
"Product","Missing FAQs","Crazy Golf","products/crazy-golf.md",""
"Product","Missing FAQs","Dance Machine","products/dance-machine.md",""
"Product","Missing FAQs","Danger-zone-strike-a-light-game-hire","products/danger-zone-strike-a-light-game-hire.md",""
"Product","Missing FAQs","Dash & Grab / Hungry Hippo Inflatable Game","products/dash-and-grab-hungry-hippo-inflatable-game.md",""
"Product","Missing FAQs","ELECTRONIC BASKET BALL HIRE","products/electronic-basket-ball-hire.md",""
"Product","Missing FAQs","Football Darts","products/football-darts.md",""
"Product","Missing FAQs","FOOTBALL TABLES","products/football-tables.md",""
"Product","Missing FAQs","GIANT BUZZ WIRE","products/giant-buzz-wire.md",""
"Product","Missing FAQs","Giant Connect 4 Game Hire","products/giant-connect-4-game-hire.md",""
"Product","Missing FAQs","Giant Deck Chair Hire","products/giant-deck-chair-hire.md",""
"Product","Missing FAQs","Giant Jenga Hire","products/giant-jenga-hire.md",""
"Product","Missing FAQs","GLADIATOR DUEL","products/gladiator-duel.md",""
"Product","Missing FAQs","Gold Bar Challenge","products/gold-bar-challenge.md",""
"Product","Missing FAQs","GOLD CUP HORSE RACING","products/gold-cup-horse-racing.md",""
"Product","Missing FAQs","GREEN SCREEN PHOTO BOOTHS","products/green-screen-photo-booths.md",""
"Product","Missing FAQs","High Striker","products/high-striker.md",""
"Product","Missing FAQs","Hook A Duck","products/hook-a-duck.md",""
"Product","Missing FAQs","HUMAN TABLE FOOTBALL","products/human-table-football.md",""
"Product","Missing FAQs","Ice Cream van Hire","products/ice-cream-van-hire.md",""
"Product","Missing FAQs","INFLATABLE ASSAULT COURSES","products/inflatable-assault-courses.md",""
"Product","Missing FAQs","LARGE BOUNCY CASTLES","products/large-bouncy-castles.md",""
"Product","Missing FAQs","LEADER BOARD","products/leader-board.md",""
"Product","Missing FAQs","MAGIC MIRROR","products/magic-mirror.md",""
"Product","Missing FAQs","Master Sniper","products/master-sniper.md",""
"Product","Missing FAQs","Mega Wire - Branded Game Hire (stand alone)","products/mega-wire-branded-game-hire-stand-alone.md",""
"Product","Missing FAQs","PAELLA","products/paella.md",""
"Product","Missing FAQs","Pig Roast","products/pig-roast.md",""
"Product","Missing FAQs","Pix N Mix Hire","products/pix-n-mix-hire.md",""
"Product","Missing FAQs","Pizza","products/pizza.md",""
"Product","Missing FAQs","Plinko Game Hire","products/plinko-game-hire.md",""
"Product","Missing FAQs","PLUCK A DUCK RACING","products/pluck-a-duck-racing.md",""
"Product","Missing FAQs","Prize Crane Arcade Grabber","products/prize-crane-arcade-grabber.md",""
"Product","Missing FAQs","Prize Wheel","products/prize-wheel.md",""
"Product","Missing FAQs","Racing Car Simulators","products/racing-car-simulators.md",""
"Product","Missing FAQs","RED CARPET & 4 GOLD STANCHIONS","products/red-carpet-and-4-gold-stanchions.md",""
"Product","Missing FAQs","Reindeer Nosenado (Christmas Ballnado Hire )","products/reindeer-nosenado-christmas-ballnado-hire.md",""
"Product","Missing FAQs","RETRO ARCADE GAMES","products/retro-arcade-games.md",""
"Product","Missing FAQs","Rodeo Bull","products/rodeo-bull.md",""
"Product","Missing FAQs","Roll & Bowl Donkey Derby","products/roll-and-bowl-donkey-derby.md",""
"Product","Missing FAQs","Roll And Bowl Game Hire","products/roll-and-bowl-game-hire.md",""
"Product","Missing FAQs","Roll And Bowl Reindeer Racing Game Hire","products/roll-and-bowl-reindeer-racing-game-hire.md",""
"Product","Missing FAQs","Snatch It","products/snatch-it.md",""
"Product","Missing FAQs","SUPER SLIDES","products/super-slides.md",""
"Product","Missing FAQs","The Vault","products/the-vault.md",""
"Product","Missing FAQs","TOP DOC OPERATION GAME","products/top-doc-operation-game.md",""
"Product","Missing FAQs","TOTAL WIPE OUT","products/total-wipe-out.md",""
"Product","Missing FAQs","Virtual Pinball","products/virtual-pinball.md",""
"Product","Missing FAQs","VR Race Car Simulator","products/vr-race-car-simulator.md",""
"Product","Missing FAQs","Whack A Mole game hire","products/whack-a-mole-game-hire.md",""
"Product","Missing FAQs","Whack an Elf","products/whack-an-elf.md",""
"Category","Missing FAQs","Branded Exhibition Games","categories/branded-exhibition-games.md",""
"Category","Missing FAQs","Christmas Games","categories/christmas-games.md",""
"Category","Missing FAQs","Christmas Grotto Hire","categories/christmas-grotto-hire.md",""
"Category","Missing FAQs","Corporate Entertainment","categories/corporate-entertainment.md",""
"Category","Missing FAQs","Exhibition Games","categories/exhibition-games.md",""
"Category","Missing FAQs","Fun Days","categories/fun-days.md",""
"Category","Missing FAQs","Fun Foods","categories/fun-foods.md",""
"Category","Missing FAQs","Grab A Grand","categories/grab-a-grand.md",""
"Category","Missing FAQs","Photo Booths & Magic Mirrors","categories/photo-booths-and-magic-mirrors.md",""
"Category","Missing FAQs","Prize Games","categories/prize-games.md",""
"Category","Missing FAQs","Pub Games","categories/pub-games.md",""
"Category","Missing FAQs","Roll & Bowl","categories/roll-and-bowl.md",""
"Category","Missing FAQs","Weddings","categories/weddings.md",""
"Category","Empty Body","Christmas Games","categories/christmas-games.md",""
"Event","Missing FAQs","Brand Activation","events/brand-activation.md",""
"Event","Missing FAQs","Celebrations & Parties","events/celebrations-and-parties.md",""
"Event","Missing FAQs","Christmas Entertainment","events/christmas-entertainment.md",""
"Event","Missing FAQs","Circus Skills Workshop","events/circus-skills-workshop.md",""
"Event","Missing FAQs","College Entertainment","events/college-entertainment.md",""
"Event","Missing FAQs","Award Ceremonies","events/company-award-ceremonies.md",""
"Event","Missing FAQs","Conference Production","events/conference-idea.md",""
"Event","Missing FAQs","Corporate Events","events/corporate-events.md",""
"Event","Missing FAQs","Educational & Community","events/educational-and-community.md",""
"Event","Missing FAQs","Evening Entertainment","events/evening-entertainment.md",""
"Event","Missing FAQs","Exhibition Games","events/exhibition-games.md",""
"Event","Missing FAQs","Family Fun Days","events/family-fun-days.md",""
"Event","Missing FAQs","Fundraising Events","events/fundraising-events.md",""
"Event","Missing FAQs","Office Entertainment","events/office-entertainment.md",""
"Event","Missing FAQs","School Entertainment","events/school-entertainment.md",""
"Event","Missing FAQs","Corporate Wellbeing Days","events/staff-wellbeing-days.md",""
"Event","Missing FAQs","Summer Entertainment","events/summer-entertainment.md",""
"Event","Missing FAQs","University Events","events/university-events.md",""
"Event","Empty Body","Celebrations & Parties","events/celebrations-and-parties.md",""
"Event","Empty Body","Corporate Events","events/corporate-events.md",""
"Event","Empty Body","Educational & Community","events/educational-and-community.md",""
"Event","Empty Body","Office Entertainment","events/office-entertainment.md",""
"Event","Empty Body","University Events","events/university-events.md",""
"Event","Missing Thumbnail","Brand Activation","events/brand-activation.md",""
"Event","Missing Thumbnail","Conference Production","events/conference-idea.md",""
"Event","Missing Thumbnail","Corporate Events","events/corporate-events.md",""
"Event","Missing Thumbnail","Educational & Community","events/educational-and-community.md",""
"Event","Missing Thumbnail","Evening Entertainment","events/evening-entertainment.md",""
"Event","Missing Thumbnail","Exhibition Games","events/exhibition-games.md",""
"Event","Missing Thumbnail","Family Fun Days","events/family-fun-days.md",""
"Event","Missing Thumbnail","Fundraising Events","events/fundraising-events.md",""
"Event","Missing Thumbnail","Office Entertainment","events/office-entertainment.md",""
"Event","Missing Thumbnail","School Entertainment","events/school-entertainment.md",""
"Event","Missing Thumbnail","Corporate Wellbeing Days","events/staff-wellbeing-days.md",""
"Event","Missing Thumbnail","Summer Entertainment","events/summer-entertainment.md",""
"Event","Missing Thumbnail","University Events","events/university-events.md",""
"Location","Empty Body","Birmingham","locations/birmingham.md",""
"Location","Empty Body","Bristol","locations/bristol.md",""
"Location","Empty Body","Coventry","locations/coventry.md",""
"Location","Empty Body","Leeds","locations/leeds.md",""
"Location","Empty Body","Leicester","locations/leicester.md",""
"Location","Empty Body","London","locations/london.md",""
"Location","Empty Body","Manchester","locations/manchester.md",""
"Location","Empty Body","Northampton","locations/northampton.md",""
"Location","Missing Thumbnail","Ballnado Game Hire for Corporate Events in Birmingham","locations/birmingham/ballnado-hire.md",""
"Location","Missing Thumbnail","Brand Activation & Promotional Game Hire in Birmingham","locations/birmingham/brand-promotional-event-hire.md",""
"Location","Missing Thumbnail","Christmas Game Hire &ndash; Birmingham's Premier Festive Entertainment Specialists","locations/birmingham/christmas-game-hire.md",""
"Location","Missing Thumbnail","Conference and Event Hire Birmingham: Interactive Entertainment for Corporate Success","locations/birmingham/conference-and-event-hire.md",""
"Location","Missing Thumbnail","Crack The Code Game Hire - Perfect for All Birmingham Events","locations/birmingham/crack-the-code-hire.md",""
"Location","Missing Thumbnail","Hilton Birmingham Metropole","locations/birmingham/hilton-metropole.md",""
"Location","Missing Thumbnail","Magic Mirror Hire Birmingham for Corporate Events","locations/birmingham/magic-mirror-hire.md",""
"Location","Missing Thumbnail","Mega wire Hire Birmingham","locations/birmingham/mega-wire-hire.md",""
"Location","Missing Thumbnail","Plinko Game Hire for Birmingham Corporate Events","locations/birmingham/plinko-hire.md",""
"Location","Missing Thumbnail","Prize Crane Hire Birmingham","locations/birmingham/prize-crane-hire.md",""
"Location","Missing Thumbnail","Roll and Bowl Hire Birmingham","locations/birmingham/roll-and-bowl-hire.md",""
"Location","Missing Thumbnail","Strike a light-Danger Zone Hire Birmingham","locations/birmingham/strike-a-light-danger-zone-hire.md",""
"Location","Missing Thumbnail","Whack a Mole Hire Birmingham","locations/birmingham/whack-a-mole-hire.md",""
"Location","Missing Thumbnail","Fun Pro UK the corporate entertainment agency for Bristol!","locations/bristol/corporate-event-hire.md",""
"Location","Missing Thumbnail","Batak Lite &ndash; A Dynamic Interactive Game for Exhibitions & Corporate Events in Coventry","locations/coventry/batak-lite.md",""
"Location","Missing Thumbnail","Create Buzz At Your Next Event With Our Brand Activation Game Hire in Coventry","locations/coventry/brand-promotional-event-hire.md",""
"Location","Missing Thumbnail","Cash Grabber Hire Coventry","locations/coventry/cash-grabber-hire.md",""
"Location","Missing Thumbnail","Christmas Game Hire &ndash; Coventry's Premier Festive Entertainment Specialists","locations/coventry/christmas-game-hire.md",""
"Location","Missing Thumbnail","Conference Event Hire in Coventry","locations/coventry/conference-event-hire.md",""
"Location","Missing Thumbnail","Dance Machine Hire for Coventry Events","locations/coventry/dance-machine-hire.md",""
"Location","Missing Thumbnail","High Striker Hire in Coventry from Fun Pro","locations/coventry/high-striker.md",""
"Location","Missing Thumbnail","Hire a Magic Mirror in Coventry for your next event!","locations/coventry/magic-mirror-hire.md",""
"Location","Missing Thumbnail","Mega Wire Hire Coventry","locations/coventry/mega-wire-hire.md",""
"Location","Missing Thumbnail","Pick n Mix Sweet Cart Hire in Coventry","locations/coventry/pick-n-mix-hire.md",""
"Location","Missing Thumbnail","Hire Plinko Games for Your Coventry Event","locations/coventry/plinko-hire.md",""
"Location","Missing Thumbnail","Prize Crane Game Hire for Coventry Events","locations/coventry/prize-crane-hire.md",""
"Location","Missing Thumbnail","Prize Wheel Hire in Coventry from Fun Pro","locations/coventry/prize-wheel-hire.md",""
"Location","Missing Thumbnail","Race Car Simulator Hire in Coventry for Events of All Sizes","locations/coventry/race-car-simulators.md",""
"Location","Missing Thumbnail","Roll and Bowl Hire Coventry","locations/coventry/roll-and-bowl-hire.md",""
"Location","Missing Thumbnail","Safe Cracker Game Hire for Coventry Events","locations/coventry/safe-cracker-hire.md",""
"Location","Missing Thumbnail","Table Football Hire Coventry","locations/coventry/table-football-hire.md",""
"Location","Missing Thumbnail","Vault Game Hire in Coventry from Fun Pro","locations/coventry/vault-game-hire.md",""
"Location","Missing Thumbnail","Whack A Mole Hire Coventry","locations/coventry/whack-a-mole-hire.md",""
"Location","Missing Thumbnail","Corporate Event hire Leeds","locations/leeds/corporate-event-hire.md",""
"Location","Missing Thumbnail","Corporate Event hire Leicester","locations/leicester/corporate-event-hire.md",""
"Location","Missing Thumbnail","Photo booth Hire Leicester","locations/leicester/photo-booth-hire.md",""
"Location","Missing Thumbnail","Leicester","locations/leicester.md",""
"Location","Missing Thumbnail","Brand Activation & Promotional Game Hire in London","locations/london/brand-promotional-event-hire.md",""
"Location","Missing Thumbnail","Christmas Game Hire &ndash; London's Leading Festive Entertainment Providers","locations/london/christmas-game-hire.md",""
"Location","Missing Thumbnail","Corporate Event Hire London: Interactive Games & Entertainment","locations/london/corporate-event-hire-interactive-games-and-entertainment.md",""
"Location","Missing Thumbnail","Corporate Event Hire London: Interactive Games & Entertainment","locations/london/corporate-event-hire.md",""
"Location","Missing Thumbnail","Excel London Game Hire","locations/london/excel.md",""
"Location","Missing Thumbnail","Freshers Game Hire London: Interactive Entertainment for University Welcome Week","locations/london/freshers-entertainment.md",""
"Location","Missing Thumbnail","Photo booth Hire London","locations/london/photo-booth-hire.md",""
"Location","Missing Thumbnail","Batak Lite hire Manchester","locations/manchester/batak-lite-hire.md",""
"Location","Missing Thumbnail","Batak Pro Hire Manchester","locations/manchester/batak-pro-hire.md",""
"Location","Missing Thumbnail","Brand Activation & Promotional Game Hire in Manchester: Expert Interactive Marketing Solutions","locations/manchester/brand-activation-games.md",""
"Location","Missing Thumbnail","Trusted Corporate Event Game Hire In Manchester","locations/manchester/corporate-event-hire.md",""
"Location","Missing Thumbnail","Corporate Event Hire in Manchester: Professional Entertainment Solutions","locations/manchester/corporate-events.md",""
"Location","Missing Thumbnail","Fun Pro UK - the Corporate Entertainment agency for Milton Keynes","locations/milton-keynes/corporate-event-hire.md",""
"Location","Missing Thumbnail","Milton Keynes","locations/milton-keynes.md",""
"Location","Missing Thumbnail","Batak Lite Hire Northampton","locations/northampton/batak-lite-hire.md",""
"Location","Missing Thumbnail","Batak Pro Hire Northampton","locations/northampton/batak-pro-hire.md",""
"Location","Missing Thumbnail","Corporate Event Hire Northampton","locations/northampton/corporate-event-hire.md",""
"Location","Missing Thumbnail","Northampton","locations/northampton.md",""
"Location","Missing Thumbnail","Corporate Event Hire Nottingham","locations/nottingham/corporate-event-hire.md",""
"Location","Missing Thumbnail","Nottingham","locations/nottingham.md",""
"Location","Missing Thumbnail","The corporate event entertainment company for Sheffield!","locations/sheffield/corporate-event-hire-2.md",""
"Location","Missing Thumbnail","Corporate Event Hire Sheffield | Interactive Games","locations/sheffield/corporate-event-hire.md",""
"Location","Missing Thumbnail","Sheffield","locations/sheffield.md",""
"Location","Missing FAQs","Ballnado Game Hire for Corporate Events in Birmingham","locations/birmingham/ballnado-hire.md",""
"Location","Missing FAQs","Batak Lite &ndash; An Interactive Game for Exhibitions & Corporate Events in Birmingham","locations/birmingham/batak-lite-hire.md",""
"Location","Missing FAQs","Batak Pro &ndash; The Ultimate Interactive Game for Corporate & Private Events in Birmingham","locations/birmingham/batak-pro-hire.md",""
"Location","Missing FAQs","Brand Activation & Promotional Game Hire in Birmingham","locations/birmingham/brand-promotional-event-hire.md",""
"Location","Missing FAQs","Christmas Game Hire &ndash; Birmingham's Premier Festive Entertainment Specialists","locations/birmingham/christmas-game-hire.md",""
"Location","Missing FAQs","Conference and Event Hire Birmingham: Interactive Entertainment for Corporate Success","locations/birmingham/conference-and-event-hire.md",""
"Location","Missing FAQs","Corporate Event Hire Birmingham","locations/birmingham/corporate-event-hire.md",""
"Location","Missing FAQs","Crack The Code Game Hire - Perfect for All Birmingham Events","locations/birmingham/crack-the-code-hire.md",""
"Location","Missing FAQs","ICC Birmingham","locations/birmingham/game-hire-icc.md",""
"Location","Missing FAQs","Hilton Birmingham Metropole","locations/birmingham/hilton-metropole.md",""
"Location","Missing FAQs","Magic Mirror Hire Birmingham for Corporate Events","locations/birmingham/magic-mirror-hire.md",""
"Location","Missing FAQs","Mega wire Hire Birmingham","locations/birmingham/mega-wire-hire.md",""
"Location","Missing FAQs","Trusted Birmingham Event Game Hire","locations/birmingham/nec.md",""
"Location","Missing FAQs","Plinko Game Hire for Birmingham Corporate Events","locations/birmingham/plinko-hire.md",""
"Location","Missing FAQs","Prize Crane Hire Birmingham","locations/birmingham/prize-crane-hire.md",""
"Location","Missing FAQs","Roll and Bowl Hire Birmingham","locations/birmingham/roll-and-bowl-hire.md",""
"Location","Missing FAQs","Strike a light-Danger Zone Hire Birmingham","locations/birmingham/strike-a-light-danger-zone-hire.md",""
"Location","Missing FAQs","Whack a Mole Hire Birmingham","locations/birmingham/whack-a-mole-hire.md",""
"Location","Missing FAQs","Birmingham","locations/birmingham.md",""
"Location","Missing FAQs","Fun Pro UK the corporate entertainment agency for Bristol!","locations/bristol/corporate-event-hire.md",""
"Location","Missing FAQs","Bristol","locations/bristol.md",""
"Location","Missing FAQs","Fun Pro Ballnado Hire for Your Next Event in Coventry","locations/coventry/ballnado-hire.md",""
"Location","Missing FAQs","Batak Lite &ndash; A Dynamic Interactive Game for Exhibitions & Corporate Events in Coventry","locations/coventry/batak-lite.md",""
"Location","Missing FAQs","Batak Pro - A Fun, Interactive Game for Exhibitions & Corporate Events in Coventry","locations/coventry/batak-pro-hire.md",""
"Location","Missing FAQs","Batak Pro Office Funday Coventry","locations/coventry/batak-pro-office-funday.md",""
"Location","Missing FAQs","Create Buzz At Your Next Event With Our Brand Activation Game Hire in Coventry","locations/coventry/brand-promotional-event-hire.md",""
"Location","Missing FAQs","Cash Grabber Hire Coventry","locations/coventry/cash-grabber-hire.md",""
"Location","Missing FAQs","Christmas Game Hire &ndash; Coventry's Premier Festive Entertainment Specialists","locations/coventry/christmas-game-hire.md",""
"Location","Missing FAQs","Conference Event Hire in Coventry","locations/coventry/conference-event-hire.md",""
"Location","Missing FAQs","Corporate Event Hire in Coventry","locations/coventry/corporate-event-hire.md",""
"Location","Missing FAQs","Dance Machine Hire for Coventry Events","locations/coventry/dance-machine-hire.md",""
"Location","Missing FAQs","Danger Zone -Strike a Light Hire Coventry","locations/coventry/danger-zone-strike-a-light-hire.md",""
"Location","Missing FAQs","High Striker Hire in Coventry from Fun Pro","locations/coventry/high-striker.md",""
"Location","Missing FAQs","Hire a Magic Mirror in Coventry for your next event!","locations/coventry/magic-mirror-hire.md",""
"Location","Missing FAQs","Mega Wire Hire Coventry","locations/coventry/mega-wire-hire.md",""
"Location","Missing FAQs","Photo Booth Hire Coventry","locations/coventry/photo-booth-hire.md",""
"Location","Missing FAQs","Pick n Mix Sweet Cart Hire in Coventry","locations/coventry/pick-n-mix-hire.md",""
"Location","Missing FAQs","Hire Plinko Games for Your Coventry Event","locations/coventry/plinko-hire.md",""
"Location","Missing FAQs","Prize Crane Game Hire for Coventry Events","locations/coventry/prize-crane-hire.md",""
"Location","Missing FAQs","Prize Wheel Hire in Coventry from Fun Pro","locations/coventry/prize-wheel-hire.md",""
"Location","Missing FAQs","Race Car Simulator Hire in Coventry for Events of All Sizes","locations/coventry/race-car-simulators.md",""
"Location","Missing FAQs","Roll and Bowl Hire Coventry","locations/coventry/roll-and-bowl-hire.md",""
"Location","Missing FAQs","Safe Cracker Game Hire for Coventry Events","locations/coventry/safe-cracker-hire.md",""
"Location","Missing FAQs","Table Football Hire Coventry","locations/coventry/table-football-hire.md",""
"Location","Missing FAQs","Vault Game Hire in Coventry from Fun Pro","locations/coventry/vault-game-hire.md",""
"Location","Missing FAQs","Whack A Mole Hire Coventry","locations/coventry/whack-a-mole-hire.md",""
"Location","Missing FAQs","Coventry","locations/coventry.md",""
"Location","Missing FAQs","Corporate Event hire Leeds","locations/leeds/corporate-event-hire.md",""
"Location","Missing FAQs","Leeds","locations/leeds.md",""
"Location","Missing FAQs","Corporate Event hire Leicester","locations/leicester/corporate-event-hire.md",""
"Location","Missing FAQs","Photo booth Hire Leicester","locations/leicester/photo-booth-hire.md",""
"Location","Missing FAQs","Leicester","locations/leicester.md",""
"Location","Missing FAQs","Brand Activation & Promotional Game Hire in London","locations/london/brand-promotional-event-hire.md",""
"Location","Missing FAQs","Christmas Game Hire &ndash; London's Leading Festive Entertainment Providers","locations/london/christmas-game-hire.md",""
"Location","Missing FAQs","Trusted Corporate Event Entertainment, London","locations/london/conference-game-hire.md",""
"Location","Missing FAQs","Corporate Event Hire London: Interactive Games & Entertainment","locations/london/corporate-event-hire-interactive-games-and-entertainment.md",""
"Location","Missing FAQs","Corporate Event Hire London: Interactive Games & Entertainment","locations/london/corporate-event-hire.md",""
"Location","Missing FAQs","Excel London Game Hire","locations/london/excel.md",""
"Location","Missing FAQs","Freshers Game Hire London: Interactive Entertainment for University Welcome Week","locations/london/freshers-entertainment.md",""
"Location","Missing FAQs","Photo booth Hire London","locations/london/photo-booth-hire.md",""
"Location","Missing FAQs","London","locations/london.md",""
"Location","Missing FAQs","Batak Lite hire Manchester","locations/manchester/batak-lite-hire.md",""
"Location","Missing FAQs","Batak Pro Hire Manchester","locations/manchester/batak-pro-hire.md",""
"Location","Missing FAQs","Brand Activation & Promotional Game Hire in Manchester: Expert Interactive Marketing Solutions","locations/manchester/brand-activation-games.md",""
"Location","Missing FAQs","Manchester Central Convention Complex","locations/manchester/central-convention-complex.md",""
"Location","Missing FAQs","Trusted Corporate Event Game Hire In Manchester","locations/manchester/corporate-event-hire.md",""
"Location","Missing FAQs","Corporate Event Hire in Manchester: Professional Entertainment Solutions","locations/manchester/corporate-events.md",""
"Location","Missing FAQs","Manchester","locations/manchester.md",""
"Location","Missing FAQs","Fun Pro UK - the Corporate Entertainment agency for Milton Keynes","locations/milton-keynes/corporate-event-hire.md",""
"Location","Missing FAQs","Milton Keynes","locations/milton-keynes.md",""
"Location","Missing FAQs","Batak Lite Hire Northampton","locations/northampton/batak-lite-hire.md",""
"Location","Missing FAQs","Batak Pro Hire Northampton","locations/northampton/batak-pro-hire.md",""
"Location","Missing FAQs","Corporate Event Hire Northampton","locations/northampton/corporate-event-hire.md",""
"Location","Missing FAQs","Northampton","locations/northampton.md",""
"Location","Missing FAQs","Corporate Event Hire Nottingham","locations/nottingham/corporate-event-hire.md",""
"Location","Missing FAQs","Nottingham","locations/nottingham.md",""
"Location","Missing FAQs","The corporate event entertainment company for Sheffield!","locations/sheffield/corporate-event-hire-2.md",""
"Location","Missing FAQs","Corporate Event Hire Sheffield | Interactive Games","locations/sheffield/corporate-event-hire.md",""
"Location","Missing FAQs","Sheffield","locations/sheffield.md",""